pubID,psname,weeks,pseudogroup,num_hcdr2_mutations,residues
G002-119,eOD,8,1,0,0
G002-119,eOD->core,16,4,1,1
G002-119,eOD->core,24,6,0,0
G002-136,eOD,8,1,1,1
G002-136,eOD->core,16,4,0,0
G002-136,eOD->core,24,6,1,1
G002-145,eOD,8,1,0,0
G002-145,eOD->core,16,4,1,1
G002-145,eOD->core,24,6,2,2
G002-230,eOD,8,1,0,0
G002-230,eOD->core,16,4,1,1
G002-230,eOD->core,24,6,1,1
G002-278,eOD->eOD,16,3,0,0
G002-278,eOD->eOD->core,24,7,1,1
G002-293,eOD,8,1,0,0
G002-293,eOD->core,16,4,1,1
G002-293,eOD->core,24,6,1,1
G002-302,eOD->eOD,16,3,0,0
G002-302,eOD->eOD,24,5,0,0
G002-304,eOD->eOD,16,3,0,0
G002-304,eOD->eOD->core,24,7,0,0
G002-341,eOD,8,1,0,0
G002-341,eOD->core,16,4,1,1
G002-341,eOD->core,24,6,1,1
G002-371,eOD->eOD,16,3,0,0
G002-371,eOD->eOD->core,24,7,0,0
G002-427,eOD->eOD,16,3,0,0
G002-427,eOD->eOD->core,24,7,0,0
G002-462,eOD->eOD,16,3,0,0
G002-477,eOD->eOD,16,3,0,0
G002-480,eOD,8,1,0,0
G002-480,eOD->core,16,4,0,0
G002-480,eOD->core,24,6,1,1
G002-493,eOD,8,1,0,0
G002-493,eOD->core,16,4,1,1
G002-493,eOD->core,24,6,1,1
G002-502,eOD->eOD,24,5,1,1
G002-509,eOD->eOD,24,5,0,0
G002-516,eOD->eOD,16,3,0,0
G002-546,eOD->eOD,16,3,0,0
G002-546,eOD->eOD,24,5,0,0
G002-577,eOD,8,1,0,0
G002-577,eOD->core,16,4,1,1
G002-577,eOD->core,24,6,1,1
G002-595,eOD->eOD,16,3,0,0
G002-595,eOD->eOD->core,24,7,0,0
G002-616,eOD->eOD,16,3,0,0
G002-616,eOD->eOD,24,5,0,0
G002-619,eOD->eOD,16,3,0,0
G002-619,eOD->eOD,24,5,0,0
G002-620,eOD->core,16,4,1,1
G002-620,eOD->core,24,6,1,1
G002-630,eOD,8,1,0,0
G002-630,eOD->core,16,4,1,1
G002-630,eOD->core,24,6,2,2
G002-632,eOD->eOD,16,3,0,0
G002-678,eOD->eOD,16,3,0,0
G002-678,eOD->eOD,24,5,0,0
G002-758,eOD->eOD,16,3,0,0
G002-758,eOD->eOD,24,5,0,0
G002-796,eOD->eOD,16,3,0,0
G002-796,eOD->eOD->core,24,7,0,0
G002-810,eOD->eOD,16,3,0,0
G002-813,eOD->eOD,16,3,1,1
G002-813,eOD->eOD,24,5,1,1
G002-820,eOD,8,1,0,0
G002-820,eOD->core,16,4,1,1
G002-820,eOD->core,24,6,2,2
G002-825,eOD->eOD->core,24,7,0,0
G002-831,eOD,8,1,0,0
G002-831,eOD->core,24,6,1,1
G002-834,eOD->eOD,24,5,0,0
G002-852,eOD->eOD,16,3,0,0
G002-852,eOD->eOD,24,5,0,0
G002-855,eOD,8,1,0,0
G002-855,eOD->core,16,4,1,1
G002-855,eOD->core,24,6,1,1
G002-866,eOD->eOD,16,3,1,1
G002-866,eOD->eOD->core,24,7,1,1
G002-871,eOD->eOD->core,24,7,0,0
G002-884,eOD->eOD,16,3,0,0
G002-884,eOD->eOD->core,24,7,0,0
G002-905,eOD->eOD,16,3,1,1
G002-905,eOD->eOD,24,5,0,0
G002-931,eOD->eOD,16,3,0,0
G002-931,eOD->eOD->core,24,7,0,0
G002-943,eOD,8,1,0,0
G002-943,eOD->core,16,4,1,1
G002-943,eOD->core,24,6,1,1
G002-947,eOD,8,1,0,0
G002-947,eOD->core,16,4,0,0
G002-947,eOD->core,24,6,1,1
G002-957,eOD,8,1,0,0
G002-957,eOD->core,16,4,1,1
G002-957,eOD->core,24,6,2,2
G002-969,eOD->eOD,16,3,0,0
G002-969,eOD->eOD,24,5,0,0
G002-988,eOD->eOD,16,3,0,0
G002-988,eOD->eOD->core,24,7,0,0
G002-997,eOD->eOD,16,3,0,0
G002-997,eOD->eOD->core,24,7,0,0
